DROP DATABASE IF EXISTS geocoordinates_db;
CREATE DATABASE  IF NOT EXISTS `geocoordinates_db` /*!40100 DEFAULT CHARACTER SET utf8mb4 COLLATE utf8mb4_0900_ai_ci */ /*!80016 DEFAULT ENCRYPTION='N' */;
USE `geocoordinates_db`;
-- MySQL dump 10.13  Distrib 8.0.45, for Win64 (x86_64)
--
-- Host: localhost    Database: geocoordinates_db
-- ------------------------------------------------------
-- Server version	8.0.45

/*!40101 SET @OLD_CHARACTER_SET_CLIENT=@@CHARACTER_SET_CLIENT */;
/*!40101 SET @OLD_CHARACTER_SET_RESULTS=@@CHARACTER_SET_RESULTS */;
/*!40101 SET @OLD_COLLATION_CONNECTION=@@COLLATION_CONNECTION */;
/*!50503 SET NAMES utf8 */;
/*!40103 SET @OLD_TIME_ZONE=@@TIME_ZONE */;
/*!40103 SET TIME_ZONE='+00:00' */;
/*!40014 SET @OLD_UNIQUE_CHECKS=@@UNIQUE_CHECKS, UNIQUE_CHECKS=0 */;
/*!40014 SET @OLD_FOREIGN_KEY_CHECKS=@@FOREIGN_KEY_CHECKS, FOREIGN_KEY_CHECKS=0 */;
/*!40101 SET @OLD_SQL_MODE=@@SQL_MODE, SQL_MODE='NO_AUTO_VALUE_ON_ZERO' */;
/*!40111 SET @OLD_SQL_NOTES=@@SQL_NOTES, SQL_NOTES=0 */;

--
-- Table structure for table `cities`
--

DROP TABLE IF EXISTS `cities`;
/*!40101 SET @saved_cs_client     = @@character_set_client */;
/*!50503 SET character_set_client = utf8mb4 */;
CREATE TABLE `cities` (
  `id` bigint NOT NULL AUTO_INCREMENT,
  `name` varchar(255) NOT NULL,
  `latitude` decimal(10,7) NOT NULL,
  `longitude` decimal(10,7) NOT NULL,
  `country_id` bigint NOT NULL,
  `state_id` bigint DEFAULT NULL,
  PRIMARY KEY (`id`),
  KEY `country_id` (`country_id`),
  KEY `state_id` (`state_id`),
  CONSTRAINT `cities_ibfk_1` FOREIGN KEY (`country_id`) REFERENCES `countries` (`id`),
  CONSTRAINT `cities_ibfk_2` FOREIGN KEY (`state_id`) REFERENCES `states` (`id`)
) ENGINE=InnoDB AUTO_INCREMENT=1231 DEFAULT CHARSET=utf8mb4 COLLATE=utf8mb4_0900_ai_ci;
/*!40101 SET character_set_client = @saved_cs_client */;

--
-- Dumping data for table `cities`
--

LOCK TABLES `cities` WRITE;
/*!40000 ALTER TABLE `cities` DISABLE KEYS */;
INSERT INTO `cities` VALUES (1,'Lima',-12.0621065,-77.0365256,1,NULL),(2,'Arequipa',-16.3988667,-71.5369607,1,NULL),(3,'Callao',-12.0522626,-77.1391133,1,NULL),(4,'Trujillo',-8.1116778,-79.0287742,1,NULL),(5,'Chiclayo',-6.7716146,-79.8387175,1,NULL),(6,'Piura',-5.1971376,-80.6267237,1,NULL),(7,'Huancayo',-12.0680980,-75.2100953,1,NULL),(8,'Cusco',-13.5170887,-71.9785356,1,NULL),(9,'Chimbote',-9.0744966,-78.5936090,1,NULL),(10,'Iquitos',-3.7493650,-73.2444145,1,NULL),(11,'Tacna',-18.0138521,-70.2511614,1,NULL),(12,'Juliaca',-15.4932314,-70.1356177,1,NULL),(13,'Ica',-14.0640967,-75.7290915,1,NULL),(14,'Pucallpa',-8.3820737,-74.5387507,1,NULL),(15,'Sullana',-4.8900643,-80.6873604,1,NULL),(16,'Ayacucho',-13.1604269,-74.2256973,1,NULL),(17,'Chincha Alta',-13.4174880,-76.1325726,1,NULL),(18,'Huánuco',-9.9293255,-76.2394845,1,NULL),(19,'Huacho',-11.1085240,-77.6103295,1,NULL),(20,'Tarapoto',-6.4877198,-76.3598708,1,NULL),(21,'Puno',-15.8405962,-70.0279512,1,NULL),(22,'Paita',-5.0851637,-81.1136793,1,NULL),(23,'Huaraz',-9.5298511,-77.5289981,1,NULL),(24,'Tumbes',-3.5707875,-80.4596454,1,NULL),(25,'Pisco',-13.7099813,-76.2029793,1,NULL),(26,'Huaral',-11.4954906,-77.2070440,1,NULL),(27,'Jaén',-5.7086087,-78.8075898,1,NULL),(28,'Moyobamba',-6.0347302,-76.9746773,1,NULL),(29,'San Vicente de Cañete',-13.0777670,-76.3874465,1,NULL),(30,'Puerto Maldonado',-12.5938633,-69.1866773,1,NULL),(31,'Catacaos',-5.2654817,-80.6760774,1,NULL),(32,'Moquegua',-17.1938025,-70.9345636,1,NULL),(33,'Cerro de Pasco',-10.6835926,-76.2561123,1,NULL),(34,'Barranca',-10.7541212,-77.7609383,1,NULL),(35,'Yurimaguas',-5.8951672,-76.1046533,1,NULL),(36,'Chancay',-11.5627697,-77.2699958,1,NULL),(37,'Andahuaylas',-13.6564057,-73.3899459,1,NULL),(38,'Ilo',-17.6458772,-71.3452005,1,NULL),(39,'Talara',-4.5796872,-81.2718335,1,NULL),(40,'Abancay',-13.6373482,-72.8788744,1,NULL),(41,'Lambayeque',-6.7030270,-79.9065086,1,NULL),(42,'Chulucanas',-5.0965065,-80.1609229,1,NULL),(43,'Tingo María',-9.2983713,-76.0003034,1,NULL),(44,'Sicuani',-14.2729288,-71.2265322,1,NULL),(45,'Huancavelica',-12.7872800,-74.9730951,1,NULL),(46,'Ferreñafe',-6.6392169,-79.7879824,1,NULL),(47,'Chepén',-7.2285214,-79.4277749,1,NULL),(48,'Pacasmayo',-7.4028958,-79.5684847,1,NULL),(49,'Tarma',-11.4199882,-75.6877142,1,NULL),(50,'Anchorage',61.2163129,-149.8948520,2,24),(51,'Huntsville',34.7298470,-86.5859011,2,25),(52,'Mobile',30.6867339,-88.0848929,2,25),(53,'Birmingham',33.5206824,-86.8024326,2,25),(54,'Montgomery',32.3669656,-86.3006485,2,25),(55,'Tuscaloosa',33.2095614,-87.5675258,2,25),(56,'Little Rock',34.7465071,-92.2896267,2,26),(57,'Fayetteville',36.0625843,-94.1574328,2,26),(58,'Phoenix',33.4484367,-112.0741410,2,27),(59,'Tucson',32.2228765,-110.9748477,2,27),(60,'Mesa',33.4151117,-111.8314792,2,27),(61,'Gilbert',33.3527632,-111.7890373,2,27),(62,'Chandler',33.3061605,-111.8412500,2,27),(63,'Glendale',33.5386858,-112.1859941,2,27),(64,'Scottsdale',33.4942189,-111.9260184,2,27),(65,'Peoria',33.5806115,-112.2372940,2,27),(66,'Tempe',33.4255056,-111.9400091,2,27),(67,'Surprise',33.6292271,-112.3680189,2,27),(68,'Goodyear',33.4353672,-112.3576000,2,27),(69,'Buckeye',33.3703197,-112.5837760,2,27),(70,'Yuma',32.6651350,-114.4760316,2,27),(71,'Los Angeles',34.0536909,-118.2427660,2,28),(72,'San Diego',32.7174202,-117.1627728,2,28),(73,'San Jose',37.3361663,-121.8905910,2,28),(74,'San Francisco',37.7790262,-122.4199060,2,28),(75,'Fresno',36.7295295,-119.7088613,2,28),(76,'Sacramento',38.5810606,-121.4938950,2,28),(77,'Long Beach',33.7690164,-118.1916040,2,28),(78,'Oakland',37.8044557,-122.2713560,2,28),(79,'Bakersfield',35.3738712,-119.0194639,2,28),(80,'Anaheim',33.8347516,-117.9117320,2,28),(81,'Stockton',37.9577016,-121.2907796,2,28),(82,'Riverside',33.9533546,-117.3961623,2,28),(83,'Irvine',33.6856969,-117.8259819,2,28),(84,'Santa Ana',33.7494951,-117.8732213,2,28),(85,'Chula Vista',32.6400541,-117.0841955,2,28),(86,'Santa Clarita',34.3916641,-118.5425860,2,28),(87,'Fremont',37.5482697,-121.9885710,2,28),(88,'San Bernardino',34.1083449,-117.2897652,2,28),(89,'Modesto',37.6390972,-120.9968782,2,28),(90,'Fontana',34.0922335,-117.4350480,2,28),(91,'Moreno Valley',33.9375170,-117.2305944,2,28),(92,'Oxnard',34.1976308,-119.1803818,2,28),(93,'Huntington Beach',33.6783336,-118.0000166,2,28),(94,'Glendale',34.1469416,-118.2478471,2,28),(95,'Ontario',34.0658460,-117.6484304,2,28),(96,'Elk Grove',38.4087993,-121.3716178,2,28),(97,'Santa Rosa',38.4404925,-122.7141049,2,28),(98,'Rancho Cucamonga',34.1033192,-117.5751735,2,28),(99,'Garden Grove',33.7746292,-117.9463717,2,28),(100,'Oceanside',33.1958696,-117.3794834,2,28),(101,'Lancaster',34.6981064,-118.1366153,2,28),(102,'Roseville',38.7521235,-121.2880059,2,28),(103,'Palmdale',34.5793131,-118.1171108,2,28),(104,'Corona',33.8752945,-117.5664449,2,28),(105,'Salinas',36.6744117,-121.6550370,2,28),(106,'Hayward',37.6688205,-122.0807960,2,28),(107,'Sunnyvale',37.3688301,-122.0363490,2,28),(108,'Escondido',33.1216751,-117.0814849,2,28),(109,'Pomona',34.0553813,-117.7517496,2,28),(110,'Visalia',36.3302284,-119.2920580,2,28),(111,'Victorville',34.5361067,-117.2911565,2,28),(112,'Fullerton',33.8708215,-117.9294165,2,28),(113,'Torrance',33.8358492,-118.3406288,2,28),(114,'Orange',33.7872568,-117.8503080,2,28),(115,'Pasadena',34.1476452,-118.1444779,2,28),(116,'Santa Clara',37.3541132,-121.9551740,2,28),(117,'Clovis',36.8252277,-119.7029194,2,28),(118,'Simi Valley',34.2677404,-118.7538071,2,28),(119,'Thousand Oaks',34.1705609,-118.8375937,2,28),(120,'Concord',37.9768525,-122.0335624,2,28),(121,'Vallejo',38.1040864,-122.2566367,2,28),(122,'Fairfield',38.2493581,-122.0399660,2,28),(123,'Berkeley',37.8708393,-122.2728630,2,28),(124,'Antioch',38.0049214,-121.8057890,2,28),(125,'Menifee',33.6864432,-117.1770437,2,28),(126,'Richmond',37.9357576,-122.3477480,2,28),(127,'Carlsbad',33.1580933,-117.3505966,2,28),(128,'Murrieta',33.5608320,-117.2106564,2,28),(129,'Temecula',33.4946353,-117.1473661,2,28),(130,'Santa Maria',34.9531295,-120.4358570,2,28),(131,'Ventura',34.3435092,-119.2956042,2,28),(132,'Downey',33.9404441,-118.1292846,2,28),(133,'Costa Mesa',33.6633386,-117.9033170,2,28),(134,'Jurupa Valley',33.9798472,-117.4515754,2,28),(135,'West Covina',34.0686208,-117.9389526,2,28),(136,'Rialto',34.1064001,-117.3703235,2,28),(137,'El Monte',34.0751571,-118.0368490,2,28),(138,'Vacaville',38.3565773,-121.9877444,2,28),(139,'Burbank',34.1816482,-118.3258554,2,28),(140,'El Cajon',32.7947731,-116.9625260,2,28),(141,'San Mateo',37.5629997,-122.3253265,2,28),(142,'Chico',39.7284945,-121.8374777,2,28),(143,'Inglewood',33.9562003,-118.3531320,2,28),(144,'Hesperia',34.4263886,-117.3008784,2,28),(145,'Daly City',37.6904826,-122.4726700,2,28),(146,'Tracy',37.7385507,-121.4201395,2,28),(147,'Denver',39.7392364,-104.9848620,2,29),(148,'Colorado Springs',38.8339578,-104.8253480,2,29),(149,'Aurora',41.7571701,-88.3147539,2,30),(150,'Fort Collins',40.5508527,-105.0668085,2,29),(151,'Lakewood',39.7085736,-105.0846694,2,29),(152,'Thornton',39.8695516,-104.9851810,2,29),(153,'Arvada',39.8005505,-105.0811573,2,29),(154,'Westminster',39.8366528,-105.0372046,2,29),(155,'Greeley',40.4233142,-104.7091322,2,29),(156,'Pueblo',38.2544472,-104.6091410,2,29),(157,'Centennial',39.5791550,-104.8769227,2,29),(158,'Boulder',40.0149856,-105.2705450,2,29),(159,'Bridgeport',41.1670412,-73.2048348,2,31),(160,'Stamford',41.0534302,-73.5387341,2,31),(161,'New Haven',41.3082138,-72.9250518,2,31),(162,'Hartford',41.7645820,-72.6908547,2,31),(163,'Waterbury',41.5538091,-73.0438362,2,31),(164,'Washington',38.8950368,-77.0365427,2,32),(165,'Jacksonville',30.3321838,-81.6556510,2,33),(166,'Miami',25.7741728,-80.1936200,2,33),(167,'Tampa',27.9477595,-82.4584440,2,33),(168,'Orlando',28.5421109,-81.3790304,2,33),(169,'Saint Petersburg',27.7703796,-82.6695085,2,33),(170,'Port Saint Lucie',27.2939333,-80.3503283,2,33),(171,'Hialeah',25.8575963,-80.2781057,2,33),(172,'Cape Coral',26.6059432,-81.9806771,2,33),(173,'Tallahassee',30.4380832,-84.2809332,2,33),(174,'Fort Lauderdale',26.1223084,-80.1433786,2,33),(175,'Pembroke Pines',26.0031465,-80.2239370,2,33),(176,'Hollywood',26.0112014,-80.1494901,2,33),(177,'Gainesville',29.6519684,-82.3249846,2,33),(178,'Miramar',25.9873137,-80.2322706,2,33),(179,'Palm Bay',27.9946969,-80.6366144,2,33),(180,'Coral Springs',26.2711920,-80.2706044,2,33),(181,'West Palm Beach',26.7153640,-80.0532942,2,33),(182,'Lakeland',28.0394654,-81.9498042,2,33),(183,'Pompano Beach',26.2378597,-80.1247667,2,33),(184,'Clearwater',27.9658533,-82.8001026,2,33),(185,'Miami Gardens',25.9420377,-80.2456045,2,33),(186,'Davie',26.0628665,-80.2331038,2,33),(187,'Palm Coast',29.5541432,-81.2207673,2,33),(188,'Boca Raton',26.3586885,-80.0830984,2,33),(189,'Plantation',26.1275862,-80.2331036,2,33),(190,'Deltona',28.9005446,-81.2636738,2,33),(191,'Sunrise',26.1666888,-80.2787573,2,33),(192,'Atlanta',33.7489924,-84.3902644,2,34),(193,'Columbus',32.4610708,-84.9880449,2,34),(194,'Augusta',33.4709714,-81.9748429,2,34),(195,'Macon',32.8406946,-83.6324022,2,34),(196,'Savannah',32.0564572,-81.0951271,2,34),(197,'Athens-Clarke County Unified Government',33.9597677,-83.3763980,2,34),(198,'South Fulton',33.5902659,-84.6712292,2,34),(199,'Sandy Springs',33.9242688,-84.3785379,2,34),(200,'Honolulu',21.3045470,-157.8556760,2,35),(201,'Des Moines',41.5910323,-93.6046655,2,36),(202,'Cedar Rapids',41.9758872,-91.6704053,2,36),(203,'Davenport',41.5235808,-90.5770967,2,36),(204,'Boise',43.6166163,-116.2008860,2,37),(205,'Meridian',43.6086295,-116.3923260,2,37),(206,'Nampa',43.5737361,-116.5596310,2,37),(207,'Chicago',41.8755616,-87.6244212,2,30),(208,'Naperville',41.7728699,-88.1479278,2,30),(209,'Joliet',41.5263603,-88.0840212,2,30),(210,'Rockford',42.2713945,-89.0939660,2,30),(211,'Elgin',42.0372600,-88.2810994,2,30),(212,'Springfield',39.7990175,-89.6439575,2,30),(213,'Peoria',40.6938609,-89.5891008,2,30),(214,'Indianapolis',39.7683331,-86.1583502,2,38),(215,'Fort Wayne',41.0799898,-85.1386015,2,38),(216,'Evansville',37.9747645,-87.5558483,2,38),(217,'Fishers',39.9555928,-86.0138729,2,38),(218,'South Bend',41.6833813,-86.2500066,2,38),(219,'Carmel',39.9788017,-86.1189257,2,38),(220,'Wichita',37.6922361,-97.3375448,2,39),(221,'Overland Park',38.9742502,-94.6851702,2,39),(222,'Kansas City',39.1134562,-94.6264970,2,39),(223,'Olathe',38.8838856,-94.8188700,2,39),(224,'Topeka',39.0490110,-95.6775560,2,39),(225,'Louisville',38.2542376,-85.7594070,2,40),(226,'Lexington',38.0464066,-84.4970393,2,40),(227,'New Orleans',29.9759983,-90.0782127,2,41),(228,'Baton Rouge',30.4507936,-91.1391153,2,41),(229,'Shreveport',32.4707862,-93.7559378,2,41),(230,'Lafayette',30.2043259,-92.0298813,2,41),(231,'Boston',42.3554334,-71.0605110,2,42),(232,'Worcester',42.2625621,-71.8018877,2,42),(233,'Springfield',42.1018764,-72.5886727,2,42),(234,'Cambridge',42.3750997,-71.1056157,2,42),(235,'Lowell',42.6414437,-71.3085329,2,42),(236,'Brockton',42.0834335,-71.0183787,2,42),(237,'Lynn',42.4667630,-70.9494939,2,42),(238,'Quincy',42.2509914,-71.0037374,2,42),(239,'New Bedford',41.6362152,-70.9342050,2,42),(240,'Baltimore',39.2908816,-76.6107590,2,43),(241,'Detroit',42.3315509,-83.0466403,2,44),(242,'Grand Rapids',42.9632405,-85.6678639,2,44),(243,'Warren',42.4932575,-83.0062746,2,44),(244,'Sterling Heights',42.5803122,-83.0302033,2,44),(245,'Ann Arbor',42.2681569,-83.7312291,2,44),(246,'Lansing',42.7337712,-84.5553805,2,44),(247,'Dearborn',42.3222599,-83.1763145,2,44),(248,'Clinton',32.3410552,-90.3215983,2,45),(249,'Minneapolis',44.9772995,-93.2654692,2,46),(250,'Saint Paul',44.9497487,-93.0931028,2,46),(251,'Rochester',44.0234387,-92.4630182,2,46),(252,'Kansas City',39.1001050,-94.5781416,2,47),(253,'Saint Louis',38.6319657,-90.2428756,2,47),(254,'Springfield',37.1968298,-93.2946576,2,47),(255,'Columbia',38.9518830,-92.3337366,2,47),(256,'Independence',39.0924792,-94.4137923,2,47),(257,'Lee\'s Summit',38.9107156,-94.3821295,2,47),(258,'Jackson',32.3086744,-90.1983063,2,45),(259,'Billings',45.7874957,-108.4960700,2,48),(260,'Charlotte',35.2272086,-80.8430827,2,49),(261,'Raleigh',35.7803977,-78.6390989,2,49),(262,'Greensboro',36.0726355,-79.7919754,2,49),(263,'Durham',35.9966530,-78.9018053,2,49),(264,'Winston-Salem',36.0998131,-80.2440518,2,49),(265,'Fayetteville',35.0525759,-78.8782920,2,49),(266,'Cary',35.7882893,-78.7812081,2,49),(267,'Wilmington',34.2257282,-77.9447107,2,49),(268,'High Point',35.9556924,-80.0053176,2,49),(269,'Concord',35.4094178,-80.5800049,2,49),(270,'Fargo',46.8772290,-96.7898210,2,50),(271,'Omaha',41.2587459,-95.9383758,2,51),(272,'Lincoln',40.8088861,-96.7077751,2,51),(273,'Manchester',42.9956397,-71.4547891,2,52),(274,'Newark',40.7356570,-74.1723667,2,53),(275,'Jersey City',40.7215682,-74.0474550,2,53),(276,'Paterson',40.9167654,-74.1718110,2,53),(277,'Lakewood',40.0920240,-74.2121965,2,53),(278,'Elizabeth',40.6639916,-74.2107006,2,53),(279,'Edison',40.5384570,-74.3945019,2,53),(280,'Woodbridge',40.5576045,-74.2845911,2,53),(281,'Albuquerque',35.0841034,-106.6509850,2,54),(282,'Las Cruces',32.3140354,-106.7798070,2,54),(283,'Rio Rancho',35.2693810,-106.6328190,2,54),(284,'Las Vegas',36.1672559,-115.1485160,2,55),(285,'Henderson',36.0301134,-114.9826194,2,55),(286,'North Las Vegas',36.2005843,-115.1215840,2,55),(287,'Reno',39.5261206,-119.8126581,2,55),(288,'Sparks',39.5404679,-119.7487235,2,55),(289,'New York',40.7127281,-74.0060152,2,56),(290,'Buffalo',42.8867166,-78.8783922,2,56),(291,'City of Yonkers',40.9312099,-73.8987469,2,56),(292,'City of Rochester',43.1572850,-77.6152140,2,56),(293,'City of Syracuse',43.0481221,-76.1474244,2,56),(294,'City of Albany',42.6511674,-73.7549680,2,56),(295,'Columbus',39.9622601,-83.0007065,2,57),(296,'Cleveland',41.4996574,-81.6936772,2,57),(297,'Cincinnati',39.1014537,-84.5124602,2,57),(298,'Toledo',41.6529143,-83.5378173,2,57),(299,'Akron',41.0830640,-81.5184850,2,57),(300,'Dayton',39.7589478,-84.1916069,2,57),(301,'Oklahoma City',35.4729886,-97.5170536,2,58),(302,'Tulsa',36.1563122,-95.9927436,2,58),(303,'Norman',35.2225717,-97.4394816,2,58),(304,'Broken Arrow',36.0525993,-95.7908195,2,58),(305,'Portland',45.5202471,-122.6741940,2,59),(306,'Salem',44.9391565,-123.0331210,2,59),(307,'Eugene',44.0505054,-123.0950506,2,59),(308,'Gresham',45.4997475,-122.4309766,2,59),(309,'Hillsboro',45.5228939,-122.9898270,2,59),(310,'Bend',44.0581728,-121.3153096,2,59),(311,'Philadelphia',39.9527237,-75.1635262,2,60),(312,'Pittsburgh',40.4416941,-79.9900861,2,60),(313,'Allentown',40.6022059,-75.4712794,2,60),(314,'Providence',41.8239891,-71.4128343,2,61),(315,'Charleston',32.7876012,-79.9402728,2,62),(316,'Columbia',34.0007493,-81.0343313,2,62),(317,'North Charleston',32.8546197,-79.9748103,2,62),(318,'Sioux Falls',43.5488256,-96.7307737,2,63),(319,'Nashville-Davidson',36.1622767,-86.7742984,2,64),(320,'Memphis',35.1335022,-89.9668758,2,64),(321,'Knoxville',35.9603948,-83.9210261,2,64),(322,'Chattanooga',35.0457219,-85.3094883,2,64),(323,'Clarksville',36.5277607,-87.3588703,2,64),(324,'Murfreesboro',35.8460396,-86.3921096,2,64),(325,'Houston',29.7589382,-95.3676974,2,65),(326,'San Antonio',29.4246002,-98.4951405,2,65),(327,'Dallas',32.7762719,-96.7968559,2,65),(328,'Fort Worth',32.7531770,-97.3327459,2,65),(329,'Austin',30.2711286,-97.7436995,2,65),(330,'El Paso',31.7865623,-106.4412070,2,65),(331,'Arlington',32.7355816,-97.1071186,2,65),(332,'Corpus Christi',27.7635302,-97.4033191,2,65),(333,'Plano',33.0136764,-96.6925096,2,65),(334,'Lubbock',33.5635206,-101.8793360,2,65),(335,'Laredo',27.5236998,-99.4973520,2,65),(336,'Irving',32.8295183,-96.9442177,2,65),(337,'Garland',32.9126240,-96.6388833,2,65),(338,'Frisco',33.1506744,-96.8236116,2,65),(339,'McKinney',33.1976496,-96.6154471,2,65),(340,'Grand Prairie',32.7459645,-96.9977846,2,65),(341,'Amarillo',35.2072185,-101.8338240,2,65),(342,'Brownsville',25.9140277,-97.4890879,2,65),(343,'Denton',33.2150386,-97.1330516,2,65),(344,'Killeen',31.1171441,-97.7277960,2,65),(345,'Mesquite',32.7666103,-96.5994720,2,65),(346,'Pasadena',29.6910753,-95.2092076,2,65),(347,'McAllen',26.2041140,-98.2300605,2,65),(348,'Waco',31.5493330,-97.1466695,2,65),(349,'Midland',31.9973662,-102.0779480,2,65),(350,'Lewisville',33.0462330,-96.9941740,2,65),(351,'Carrollton',32.9537349,-96.8902816,2,65),(352,'Round Rock',30.5085915,-97.6788056,2,65),(353,'Abilene',32.4464500,-99.7475905,2,65),(354,'Pearland',29.5639758,-95.2864299,2,65),(355,'College Station',30.5955289,-96.3071042,2,65),(356,'Odessa',31.8457149,-102.3676870,2,65),(357,'League City',29.5074538,-95.0949303,2,65),(358,'Richardson',32.9481789,-96.7297206,2,65),(359,'New Braunfels',29.7028266,-98.1257348,2,65),(360,'Conroe',30.3118769,-95.4560512,2,65),(361,'Allen',33.1031744,-96.6705503,2,65),(362,'Beaumont',30.0860459,-94.1018461,2,65),(363,'Tyler',32.3512601,-95.3010624,2,65),(364,'Sugar Land',29.6196787,-95.6349463,2,65),(365,'Edinburg',26.3013982,-98.1624501,2,65),(366,'Wichita Falls',33.9004572,-98.5020777,2,65),(367,'Georgetown',30.6326942,-97.6772311,2,65),(368,'San Angelo',31.4649685,-100.4405094,2,65),(369,'Salt Lake City',40.7596198,-111.8867975,2,66),(370,'West Valley City',40.6967254,-111.9868210,2,66),(371,'West Jordan',40.6061337,-111.9395211,2,66),(372,'Provo',40.2337289,-111.6587085,2,66),(373,'St. George',37.1041530,-113.5841313,2,66),(374,'Virginia Beach',36.8529841,-75.9774183,2,67),(375,'Chesapeake',36.7183708,-76.2466798,2,67),(376,'Richmond',37.5385087,-77.4342800,2,67),(377,'Norfolk',36.8448348,-76.2863999,2,67),(378,'Newport News',36.9775016,-76.4297700,2,67),(379,'Alexandria',38.8051095,-77.0470229,2,67),(380,'Hampton',37.0300969,-76.3452057,2,67),(381,'Suffolk',36.7282096,-76.5835703,2,67),(382,'Seattle',47.6038321,-122.3300620,2,68),(383,'Spokane',47.6571934,-117.4235100,2,68),(384,'Tacoma',47.2455013,-122.4383290,2,68),(385,'Vancouver',45.6306954,-122.6744557,2,68),(386,'Bellevue',47.6144219,-122.1923370,2,68),(387,'Kent',47.3826903,-122.2270272,2,68),(388,'Everett',47.9673056,-122.2013990,2,68),(389,'Spokane Valley',47.6571104,-117.2613936,2,68),(390,'Renton',47.4799078,-122.2034496,2,68),(391,'Federal Way',47.3134940,-122.3393100,2,68),(392,'Milwaukee',43.0349931,-87.9224970,2,69),(393,'Madison',43.0747610,-89.3837613,2,69),(394,'Green Bay',44.5126379,-88.0125794,2,69),(395,'Kabul',34.5266431,69.1849082,3,NULL),(396,'Kandahar',31.6205738,65.7157573,3,NULL),(397,'Herat',34.3491443,62.2163252,3,NULL),(398,'Mazar-i-Sharif',36.7090366,67.1114085,3,NULL),(399,'Kunduz',36.7175566,68.8672916,3,NULL),(400,'Jalalabad',34.4301950,70.4601280,3,NULL),(401,'Taloqan',36.7320953,69.5369403,3,NULL),(402,'Charikar',35.0131732,69.1741618,3,NULL),(403,'Baghlan',36.1746897,68.7489741,3,NULL),(404,'Sheberghan',36.6670540,65.7508888,3,NULL),(405,'Ghazni',33.5448968,68.4132108,3,NULL),(406,'Khost',33.3391402,69.9206359,3,NULL),(407,'Āb Bāzhā-ye Helmand',31.7926288,64.5665577,3,NULL),(408,'Mihtarlam',34.6643728,70.2056991,3,NULL),(409,'Balkh',36.7581256,66.8980826,3,NULL),(410,'Farah',32.3740907,62.1146266,3,NULL),(411,'Sar-e Pol',36.2149655,65.9333030,3,NULL),(412,'Pul-i-Alam',34.0057712,69.0112806,3,NULL),(413,'Aybak',36.2730673,68.0218455,3,NULL),(414,'Firozkoh',34.5189635,65.2554797,3,NULL),(415,'Spin Boldak',31.0054429,66.3978956,3,NULL),(416,'Maymana',35.9208899,64.7836993,3,NULL),(417,'Gardez',33.6014533,69.2235518,3,NULL),(418,'Bamian',34.8223804,67.8368338,3,NULL),(419,'Bajram Curri',42.3576482,20.0753026,4,NULL),(420,'Bajze (Mustafa Koçaj)',41.1873978,19.8026935,4,NULL),(421,'Ballsh',40.5993375,19.7360208,4,NULL),(422,'Berat',40.7049677,19.9543810,4,NULL),(423,'Bilisht',40.6240134,20.9866319,4,NULL),(424,'Bulqizë',41.5101557,20.2230639,4,NULL),(425,'Burrel',41.6104290,20.0130651,4,NULL),(426,'Cërrik',41.0266165,19.9887602,4,NULL),(427,'Çorovodë',40.5036229,20.2283496,4,NULL),(428,'Delvinë',39.9720355,20.0903463,4,NULL),(429,'Divjakë',40.9956207,19.5331220,4,NULL),(430,'Durrës',41.3310569,19.4567926,4,NULL),(431,'Elbasan',41.1105874,20.0794072,4,NULL),(432,'Ersekë',40.3384368,20.6810024,4,NULL),(433,'Fier',40.7268262,19.5604497,4,NULL),(434,'Fierzë',42.2653096,20.0293587,4,NULL),(435,'Finiq',39.9057546,20.0575582,4,NULL),(436,'Fushë-Arrëz',42.0701304,20.0338708,4,NULL),(437,'Fushë-Krujë',41.4791135,19.7205635,4,NULL),(438,'Gjirokastër',40.0710617,20.1122495,4,NULL),(439,'Gramsh',40.8658889,20.1844846,4,NULL),(440,'Himarë',40.1021630,19.7472977,4,NULL),(441,'Kamez',41.3835259,19.7604224,4,NULL),(442,'Kavajë',41.1713776,19.5704405,4,NULL),(443,'Këlcyrë',40.3135075,20.1922837,4,NULL),(444,'Klos',41.5072297,20.0850706,4,NULL),(445,'Konispol',39.6595303,20.1830111,4,NULL),(446,'Koplik',42.2112922,19.4372140,4,NULL),(447,'Korçë',40.6178877,20.7784593,4,NULL),(448,'Krastë',40.5240004,20.3787158,4,NULL),(449,'Krrabë',41.2167605,19.9709578,4,NULL),(450,'Krujë',41.5089368,19.7813802,4,NULL),(451,'Krumë',42.1958361,20.4162476,4,NULL),(452,'Kuçovë',40.8044150,19.9134448,4,NULL),(453,'Kukës',42.0727196,20.4211632,4,NULL),(454,'Kurbnesh',41.7743103,20.0885466,4,NULL),(455,'Laç',41.6357410,19.7123916,4,NULL),(456,'Leskovik',40.1524216,20.5990179,4,NULL),(457,'Lezhë',41.7819423,19.6429530,4,NULL),(458,'Libohovë',40.0318745,20.2643964,4,NULL),(459,'Librazhd',41.1802251,20.3167518,4,NULL),(460,'Lushnjë',40.9170733,19.6870591,4,NULL),(461,'Maliq',40.7027024,20.6560764,4,NULL),(462,'Mamurras',41.5793387,19.6977065,4,NULL),(463,'Manëz',41.4282958,19.5993585,4,NULL),(464,'Memaliaj',40.3482783,19.9823956,4,NULL),(465,'Milot',41.6838730,19.7160484,4,NULL),(466,'Orikum',40.3268432,19.4748818,4,NULL),(467,'Patos',40.6756996,19.6416947,4,NULL),(468,'Peqin',41.0478365,19.7445260,4,NULL),(469,'Përmet',40.2346881,20.3513745,4,NULL),(470,'Peshkopi',41.6848768,20.4287139,4,NULL),(471,'Pogradec',40.8979307,20.6589302,4,NULL),(472,'Poliçan',40.6122122,20.0989769,4,NULL),(473,'Përrenjas',41.0712276,20.5485577,4,NULL),(474,'Pukë',42.0443192,19.9001376,4,NULL),(475,'Reps',41.8658888,20.0254967,4,NULL),(476,'Roskovec',40.7497796,19.7004132,4,NULL),(477,'Rrëshen',41.7680840,19.8769608,4,NULL),(478,'Rrogozhinë',41.0758988,19.6649775,4,NULL),(479,'Rubik',41.7735611,19.7842857,4,NULL),(480,'Sarandë',39.8752198,20.0065258,4,NULL),(481,'Selenicë',40.5311425,19.6377731,4,NULL),(482,'Shëngjin',41.8097827,19.5989755,4,NULL),(483,'Shijak',41.3434537,19.5677358,4,NULL),(484,'Shkoder',42.0681371,19.5121437,4,NULL),(485,'Sukth',41.4275938,19.5331064,4,NULL),(486,'Tepelenë',40.2979809,20.0170475,4,NULL),(487,'Tiranë',41.3305141,19.8255629,4,NULL),(488,'Ulëz',41.6821908,19.8918946,4,NULL),(489,'Ura Vajgurore',40.7391336,19.8422361,4,NULL),(490,'Vau-Dejës',42.0074511,19.6399825,4,NULL),(491,'Vlorë',40.4510739,19.4951073,4,NULL),(492,'Vorë',41.3752459,19.6509302,4,NULL),(493,'São Paulo',-23.5506507,-46.6333824,5,NULL),(494,'Rio de Janeiro',-22.9110137,-43.2093727,5,NULL),(495,'Brasília',-15.7934036,-47.8823172,5,NULL),(496,'Fortaleza',-3.7304512,-38.5217989,5,NULL),(497,'Salvador',-12.9822499,-38.4812772,5,NULL),(498,'Belo Horizonte',-19.9227318,-43.9450948,5,NULL),(499,'Manaus',-3.1316333,-59.9825041,5,NULL),(500,'Curitiba',-25.4295963,-49.2712724,5,NULL),(501,'Recife',-8.0584933,-34.8848193,5,NULL),(502,'Goiânia',-16.6808820,-49.2532691,5,NULL),(503,'Belém',-1.4505600,-48.4682453,5,NULL),(504,'Porto Alegre',-30.0324999,-51.2303767,5,NULL),(505,'Guarulhos',-23.4428948,-46.5243855,5,NULL),(506,'Campinas',-22.9055600,-47.0608300,5,NULL),(507,'Maceió',-9.6476843,-35.7339264,5,NULL),(508,'Campo Grande',-20.4640173,-54.6162947,5,NULL),(509,'São Gonçalo',-22.8219014,-43.0309252,5,NULL),(510,'Teresina',-5.0896403,-42.8095880,5,NULL),(511,'João Pessoa',-7.1215981,-34.8820280,5,NULL),(512,'Duque de Caxias',-22.7896225,-43.3099290,5,NULL),(513,'Nova Iguaçu',-22.7592175,-43.4508728,5,NULL),(514,'São Bernardo do Campo',-23.7080345,-46.5506747,5,NULL),(515,'Natal',-5.8053980,-35.2080905,5,NULL),(516,'Santo André',-23.6573395,-46.5322504,5,NULL),(517,'Sorocaba',-23.5003451,-47.4582864,5,NULL),(518,'Uberlândia',-18.9188041,-48.2767837,5,NULL),(519,'Osasco',-23.5324859,-46.7916801,5,NULL),(520,'Ribeirão Preto',-21.1783330,-47.8066671,5,NULL),(521,'São José dos Campos',-23.1860383,-45.8866816,5,NULL),(522,'Cuiabá',-15.5986686,-56.0991301,5,NULL),(523,'Jaboatão dos Guararapes',-8.1752476,-34.9468716,5,NULL),(524,'Joinville',-26.3044898,-48.8486726,5,NULL),(525,'Feira de Santana',-12.2578934,-38.9598047,5,NULL),(526,'Contagem',-19.9132749,-44.0840953,5,NULL),(527,'Aracaju',-10.9162061,-37.0774655,5,NULL),(528,'Florianópolis',-27.5973002,-48.5496098,5,NULL),(529,'Londrina',-23.3112878,-51.1595023,5,NULL),(530,'Serra',-20.1252961,-40.3064477,5,NULL),(531,'Juiz de Fora',-21.7609533,-43.3501129,5,NULL),(532,'Aparecida de Goiânia',-16.8226769,-49.2452546,5,NULL),(533,'Campos dos Goytacazes',-21.7558619,-41.3326895,5,NULL),(534,'Belford Roxo',-22.7667284,-43.4033603,5,NULL),(535,'Porto Velho',-8.7494525,-63.8735438,5,NULL),(536,'Niterói',-22.8884000,-43.1147000,5,NULL),(537,'Ananindeua',-1.3740350,-48.4016623,5,NULL),(538,'Vila Velha',-20.3297037,-40.2920174,5,NULL),(539,'São José do Rio Preto',-20.8125851,-49.3804212,5,NULL),(540,'Macapá',0.0401529,-51.0569588,5,NULL),(541,'Boa Vista',2.8208478,-60.6719582,5,NULL),(542,'Caxias do Sul',-29.1684951,-51.1796197,5,NULL),(543,'Mogi das Cruzes',-23.5234284,-46.1926671,5,NULL),(544,'São João de Meriti',-22.8043744,-43.3724125,5,NULL),(545,'Jundiaí',-23.1887668,-46.8845060,5,NULL),(546,'Campina Grande',-7.2246743,-35.8771292,5,NULL),(547,'Piracicaba',-22.7252800,-47.6491700,5,NULL),(548,'Montes Claros',-16.7273538,-43.8717676,5,NULL),(549,'Betim',-19.9680560,-44.1983330,5,NULL),(550,'Maringá',-23.4252690,-51.9382078,5,NULL),(551,'Santos',-23.9608330,-46.3338890,5,NULL),(552,'Mauá',-23.6669527,-46.4616922,5,NULL),(553,'Anápolis',-16.3332828,-48.9525756,5,NULL),(554,'Petrolina',-9.3817334,-40.4968875,5,NULL),(555,'Caruaru',-8.2829702,-35.9722852,5,NULL),(556,'Diadema',-23.6813470,-46.6205200,5,NULL),(557,'Carapicuíba',-23.5234673,-46.8406808,5,NULL),(558,'Vitória da Conquista',-14.8567487,-40.8414804,5,NULL),(559,'Bauru',-22.3218102,-49.0705863,5,NULL),(560,'Rio Branco',-9.9765362,-67.8220778,5,NULL),(561,'Blumenau',-26.9195567,-49.0658025,5,NULL),(562,'Itaquaquecetuba',-23.4754492,-46.3514033,5,NULL),(563,'Caucaia',-3.7300563,-38.6593082,5,NULL),(564,'Cariacica',-20.2632020,-40.4165490,5,NULL),(565,'Ponta Grossa',-25.0891685,-50.1601812,5,NULL),(566,'Praia Grande',-24.0058330,-46.4027780,5,NULL),(567,'Cascavel',-24.9554996,-53.4560544,5,NULL),(568,'Franca',-20.5381768,-47.4009795,5,NULL),(569,'Paulista',-7.9340069,-34.8684070,5,NULL),(570,'Olinda',-7.9986401,-34.8459552,5,NULL),(571,'Santarém',-2.4384890,-54.6996110,5,NULL),(572,'Canoas',-29.9216045,-51.1799525,5,NULL),(573,'Uberaba',-19.3508769,-48.2428980,5,NULL),(574,'São José dos Pinhais',-25.5338160,-49.2072163,5,NULL),(575,'Ribeirão das Neves',-19.7672898,-44.0875436,5,NULL),(576,'Vitória',-20.3200917,-40.3376682,5,NULL),(577,'São Vicente',-23.9603686,-46.3847024,5,NULL),(578,'Pelotas',-31.7699736,-52.3410161,5,NULL),(579,'Barueri',-23.5112184,-46.8764612,5,NULL),(580,'Palmas',-10.1837852,-48.3336423,5,NULL),(581,'Taubaté',-23.0314480,-45.5612792,5,NULL),(582,'Camaçari',-12.6998188,-38.3260762,5,NULL),(583,'Suzano',-23.5427842,-46.3108391,5,NULL),(584,'Várzea Grande',-15.6458160,-56.1322180,5,NULL),(585,'Parauapebas',-6.0696846,-49.8903283,5,NULL),(586,'Juazeiro do Norte',-7.2153453,-39.3153336,5,NULL),(587,'Limeira',-22.5615068,-47.4017660,5,NULL),(588,'Foz do Iguaçu',-25.5401479,-54.5858139,5,NULL),(589,'São José',-27.6157733,-48.6276491,5,NULL),(590,'Petrópolis',-22.5075743,-43.1785356,5,NULL),(591,'Guarujá',-23.9927768,-46.2558332,5,NULL),(592,'Itajaí',-26.9046787,-48.6552979,5,NULL),(593,'Sumaré',-22.8217964,-47.2671050,5,NULL),(594,'Marabá',-5.3462821,-49.1007401,5,NULL),(595,'Cotia',-23.6038890,-46.9188890,5,NULL),(596,'Imperatriz',-5.5269279,-47.4781150,5,NULL),(597,'Taboão da Serra',-23.6121912,-46.7790539,5,NULL),(598,'Chapecó',-27.0922364,-52.6166878,5,NULL),(599,'Santa Maria',-29.6860512,-53.8069214,5,NULL),(600,'Volta Redonda',-22.5218560,-44.1040128,5,NULL),(601,'Mossoró',-5.1904332,-37.3443872,5,NULL),(602,'Gravataí',-29.9440222,-50.9930938,5,NULL),(603,'Parnamirim',-5.9153334,-35.2679913,5,NULL),(604,'Indaiatuba',-23.0902800,-47.2180600,5,NULL),(605,'Governador Valadares',-18.8539497,-41.9458753,5,NULL),(606,'São Carlos',-22.0180395,-47.8911540,5,NULL),(607,'Macaé',-22.3712958,-41.7866922,5,NULL),(608,'Dourados',-22.2206145,-54.8122080,5,NULL),(609,'Rondonópolis',-16.4603533,-54.6397099,5,NULL),(610,'Embu das Artes',-23.6495294,-46.8528497,5,NULL),(611,'São José de Ribamar',-2.5609115,-44.0559509,5,NULL),(612,'Juazeiro',-9.4336959,-40.5068201,5,NULL),(613,'Araraquara',-21.7886713,-48.1773096,5,NULL),(614,'Palhoça',-27.6447774,-48.6646323,5,NULL),(615,'Maracanaú',-3.8779438,-38.6247697,5,NULL),(616,'Jacareí',-23.3052800,-45.9658300,5,NULL),(617,'Hortolândia',-22.8583300,-47.2200000,5,NULL),(618,'Americana',-22.7392463,-47.3306032,5,NULL),(619,'Marília',-22.2172002,-49.9500061,5,NULL),(620,'Águas Lindas de Goiás',-15.7392283,-48.2793357,5,NULL),(621,'Magé',-22.6604221,-43.0426162,5,NULL),(622,'Arapiraca',-9.7548660,-36.6614710,5,NULL),(623,'Divinópolis',-20.1597921,-44.8739341,5,NULL),(624,'Itapevi',-23.5488800,-46.9338890,5,NULL),(625,'Colombo',-25.3094603,-49.1850724,5,NULL),(626,'Rio Verde',-17.7921255,-50.9191219,5,NULL),(627,'Itaboraí',-22.7496231,-42.8557428,5,NULL),(628,'Sete Lagoas',-19.4661110,-44.2469440,5,NULL),(629,'Cabo Frio',-22.8804369,-42.0189227,5,NULL),(630,'Novo Hamburgo',-29.6905705,-51.1429035,5,NULL),(631,'Ipatinga',-19.4777807,-42.5270802,5,NULL),(632,'Presidente Prudente',-22.1225167,-51.3882528,5,NULL),(633,'Viamão',-30.0819338,-51.0261927,5,NULL),(634,'Santa Luzia',-19.7702097,-43.8505291,5,NULL),(635,'Criciúma',-28.6789941,-49.3695627,5,NULL),(636,'São Leopoldo',-29.7544405,-51.1516497,5,NULL),(637,'Sinop',-11.8508224,-55.5175957,5,NULL),(638,'Luziânia',-16.2535456,-47.9500276,5,NULL),(639,'Lauro de Freitas',-12.8924200,-38.3127691,5,NULL),(640,'Valparaíso de Goiás',-16.0686394,-47.9764907,5,NULL),(641,'Cabo de Santo Agostinho',-8.2838945,-35.0320984,5,NULL),(642,'Sobral',-3.6879135,-40.3456372,5,NULL),(643,'Passo Fundo',-28.2550598,-52.3966606,5,NULL),(644,'Maricá',-22.9059188,-42.7926326,5,NULL),(645,'Rio Claro',-22.4100108,-47.5603933,5,NULL),(646,'Castanhal',-1.2927031,-47.9223903,5,NULL),(647,'Araçatuba',-21.2079920,-50.4390225,5,NULL),(648,'Nossa Senhora do Socorro',-10.8553115,-37.1264863,5,NULL),(649,'New Fribourg',-22.2800004,-42.5325303,5,NULL),(650,'Jaraguá do Sul',-26.4897432,-49.0778063,5,NULL),(651,'Rio Grande',-32.0334252,-52.0991297,5,NULL),(652,'Cachoeiro de Itapemirim',-20.8480840,-41.1112900,5,NULL),(653,'Itabuna',-14.7935179,-39.2743180,5,NULL),(654,'Alvorada',-29.9981184,-51.0772509,5,NULL),(655,'Guarapuava',-25.3950986,-51.4622016,5,NULL),(656,'Santa Bárbara d\'Oeste',-22.7542539,-47.4137884,5,NULL),(657,'Ilhéus',-14.7925990,-39.0453843,5,NULL),(658,'Ferraz de Vasconcelos',-23.5410560,-46.3709700,5,NULL),(659,'Bragança Paulista',-22.9520235,-46.5418586,5,NULL),(660,'Linhares',-19.3816944,-40.0612213,5,NULL),(661,'Araguaína',-7.1932410,-48.2018597,5,NULL),(662,'Timon',-5.1004341,-42.8312018,5,NULL),(663,'Porto Seguro',-16.4434730,-39.0642510,5,NULL),(664,'Barra Mansa',-22.5394843,-44.1735129,5,NULL),(665,'Ibirité',-20.0214251,-44.0621506,5,NULL),(666,'Angra dos Reis',-23.0063966,-44.3163260,5,NULL),(667,'Mesquita',-22.7830920,-43.4293599,5,NULL),(668,'Teresópolis',-22.4164578,-42.9751940,5,NULL),(669,'Itu',-23.2638828,-47.2988920,5,NULL),(670,'Senador Canedo',-16.7013233,-49.0914921,5,NULL),(671,'São Caetano do Sul',-23.6195923,-46.5688323,5,NULL),(672,'Pindamonhangaba',-22.9340165,-45.4629380,5,NULL),(673,'Lages',-27.8165664,-50.3258830,5,NULL),(674,'Abaetetuba',-1.7217787,-48.8788106,5,NULL),(675,'Poços de Caldas',-21.7900318,-46.5647928,5,NULL),(676,'Barreiras',-12.1440031,-44.9967406,5,NULL),(677,'Francisco Morato',-23.2817308,-46.7448996,5,NULL),(678,'Parnaíba',-2.9147515,-41.7661953,5,NULL),(679,'Jequié',-13.8604033,-40.0719627,5,NULL),(680,'Patos de Minas',-18.6041453,-46.5096698,5,NULL),(681,'Rio das Ostras',-22.5269448,-41.9449720,5,NULL),(682,'Atibaia',-23.1177393,-46.5547861,5,NULL),(683,'Fazenda Rio Grande',-25.6458410,-49.3126653,5,NULL),(684,'Itapetininga',-23.5886070,-48.0483260,5,NULL),(685,'Santana de Parnaíba',-23.4446715,-46.9167722,5,NULL),(686,'Itapecerica da Serra',-23.7176303,-46.8492435,5,NULL),(687,'Araucária',-25.5861107,-49.4051209,5,NULL),(688,'Pouso Alegre',-22.2343858,-45.9327241,5,NULL),(689,'Alagoinhas',-12.1335260,-38.4207720,5,NULL),(690,'Santa Rita',-7.1284650,-34.9846186,5,NULL),(691,'Toledo',-22.7433969,-46.3735044,5,NULL),(692,'Mogi Guaçu',-22.3722220,-46.9425000,5,NULL),(693,'Camaragibe',-8.0213832,-34.9810768,5,NULL),(694,'Nilópolis',-22.8080114,-43.4138222,5,NULL),(695,'Brusque',-27.0964628,-48.9136323,5,NULL),(696,'Teixeira de Freitas',-17.5376644,-39.7458096,5,NULL),(697,'Trindade',-16.6549924,-49.4876203,5,NULL),(698,'Paço do Lumiar',-2.5329055,-44.1591965,5,NULL),(699,'Garanhuns',-8.8905889,-36.4930896,5,NULL),(700,'Balneário Camboriú',-26.9924395,-48.6339782,5,NULL),(701,'Botucatu',-22.8879628,-48.4410712,5,NULL),(702,'Franco da Rocha',-23.3328038,-46.7244460,5,NULL),(703,'Paranaguá',-25.5148822,-48.5226695,5,NULL),(704,'Queimados',-22.7156978,-43.5557540,5,NULL),(705,'Cametá',-2.2429490,-49.4978850,5,NULL),(706,'Campo Largo',-25.4597726,-49.5270851,5,NULL),(707,'Vitória de Santo Antão',-8.1209019,-35.2944858,5,NULL),(708,'Varginha',-21.5565914,-45.4340674,5,NULL),(709,'Três Lagoas',-20.7866799,-51.7061247,5,NULL),(710,'Teófilo Otoni',-17.8579267,-41.5081533,5,NULL),(711,'Caraguatatuba',-23.6202800,-45.4130600,5,NULL),(712,'Cachoeirinha',-29.9493353,-51.0898927,5,NULL),(713,'Salto',-23.1989983,-47.2913682,5,NULL),(714,'Ji-Paraná',-10.8778148,-61.9277854,5,NULL),(715,'Barcarena',-1.5107945,-48.6190679,5,NULL),(716,'Crato',-7.2369112,-39.4149236,5,NULL),(717,'Itapipoca',-3.4993290,-39.5835710,5,NULL),(718,'Conselheiro Lafaiete',-20.6596107,-43.7857430,5,NULL),(719,'Altamira',-3.2040650,-52.2099610,5,NULL),(720,'Vespasiano',-19.6940958,-43.9186521,5,NULL),(721,'Santa Cruz do Sul',-29.7141869,-52.4285914,5,NULL),(722,'Araruama',-22.8733203,-42.3428897,5,NULL),(723,'Resende',-22.4683626,-44.4463494,5,NULL),(724,'Jaú',-22.2935850,-48.5591930,5,NULL),(725,'Sapucaia do Sul',-29.8197019,-51.1608722,5,NULL),(726,'Guarapari',-20.6718755,-40.4984617,5,NULL),(727,'Araras',-22.3569477,-47.3838889,5,NULL),(728,'Itaituba',-4.2625218,-55.9878139,5,NULL),(729,'Apucarana',-23.5525327,-51.4610764,5,NULL),(730,'Sabará',-19.8900372,-43.8107916,5,NULL),(731,'São Mateus',-18.7156342,-39.8482555,5,NULL),(732,'Votorantim',-23.5383101,-47.4422496,5,NULL),(733,'Bragança',-0.9892329,-46.7831790,5,NULL),(734,'Valinhos',-22.9705600,-46.9958300,5,NULL),(735,'Sertãozinho',-21.1375782,-47.9913741,5,NULL),(736,'Pinhais',-25.4443488,-49.1900307,5,NULL),(737,'Barbacena',-21.2254524,-43.7735087,5,NULL),(738,'Colatina',-19.5346732,-40.6287836,5,NULL),(739,'Tatuí',-23.3518451,-47.8480260,5,NULL),(740,'Sarandi',-27.9420000,-52.9230850,5,NULL),(741,'Bento Gonçalves',-29.1654014,-51.5197627,5,NULL),(742,'Piraquara',-25.4423273,-49.0604473,5,NULL),(743,'Itatiba',-22.9965861,-46.8412042,5,NULL),(744,'Barretos',-20.5531437,-48.5697509,5,NULL),(745,'Almirante Tamandaré',-25.3133048,-49.2997838,5,NULL),(746,'Arapongas',-23.4152862,-51.4293961,5,NULL),(747,'Sorriso',-12.5444887,-55.7233972,5,NULL),(748,'São Gonçalo do Amarante',-5.7932331,-35.3286312,5,NULL),(749,'Itaguaí',-22.8629597,-43.7753220,5,NULL),(750,'Araguari',-18.6511256,-48.1933764,5,NULL),(751,'Birigui',-21.2908491,-50.3414400,5,NULL),(752,'Umuarama',-23.7621152,-53.3116192,5,NULL),(753,'Igarassu',-7.8354423,-34.9061125,5,NULL),(754,'Catalão',-18.1702546,-47.9447082,5,NULL),(755,'Bagé',-31.3314264,-54.1062808,5,NULL),(756,'Guaratinguetá',-22.8057839,-45.1908926,5,NULL),(757,'Formosa',-15.5492443,-47.3301212,5,NULL),(758,'Jandira',-23.5282246,-46.9020030,5,NULL),(759,'Eunápolis',-16.3722412,-39.5757040,5,NULL),(760,'Nova Lima',-19.9854089,-43.8470691,5,NULL),(761,'Uruguaiana',-29.7560726,-57.0867546,5,NULL),(762,'Simões Filho',-12.7867839,-38.4030365,5,NULL),(763,'Várzea Paulista',-23.2113889,-46.8283333,5,NULL),(764,'Marituba',-1.3595306,-48.3361504,5,NULL),(765,'Paulo Afonso',-9.3991006,-38.2267110,5,NULL),(766,'Catanduva',-21.1331035,-48.9712817,5,NULL),(767,'Ribeirão Pires',-23.7129388,-46.4150871,5,NULL),(768,'Santana',-12.9792170,-44.0506400,5,NULL),(769,'Araxá',-19.5928536,-46.9402410,5,NULL),(770,'Itanhaem',-24.1848847,-46.7921572,5,NULL),(771,'Luís Eduardo Magalhães',-12.1988221,-46.0474612,5,NULL),(772,'Codó',-4.4556230,-43.8923540,5,NULL),(773,'São Lourenço da Mata',-7.9959607,-35.0393350,5,NULL),(774,'Itabira',-19.6186264,-43.2267011,5,NULL),(775,'Camboriú',-27.0273601,-48.6535657,5,NULL),(776,'Passos',-20.7167803,-46.6156864,5,NULL),(777,'Tubarão',-28.4714880,-49.0141320,5,NULL),(778,'Paulínia',-22.7630391,-47.1532213,5,NULL),(779,'Breves',-1.6803600,-50.4790850,5,NULL),(780,'Cubatão',-23.8857982,-46.4241869,5,NULL),(781,'Nova Serrana',-19.8758340,-44.9841660,5,NULL),(782,'Tangará da Serra',-14.6213903,-57.4907268,5,NULL),(783,'Itacoatiara',-3.1477898,-58.4461041,5,NULL),(784,'Paragominas',-2.9956400,-47.3548942,5,NULL),(785,'Itumbiara',-18.4135862,-49.2172596,5,NULL),(786,'Planaltina',-15.4571536,-47.6089024,5,NULL),(787,'Manacapuru',-3.2996768,-60.6213528,5,NULL),(788,'Jataí',-17.8783829,-51.7204241,5,NULL),(789,'Cambé',-23.2782035,-51.2779583,5,NULL),(790,'Lavras',-21.2425512,-44.9991978,5,NULL),(791,'São Pedro da Aldeia',-22.8384835,-42.1031604,5,NULL),(792,'Açailândia',-4.9515026,-47.5007320,5,NULL),(793,'Santo Antônio de Jesus',-12.9689361,-39.2609140,5,NULL),(794,'Vilhena',-12.7368536,-60.1465555,5,NULL),(795,'Erechim',-27.6350709,-52.2738654,5,NULL),(796,'Itabaiana',-7.3316740,-35.3317230,5,NULL),(797,'Ariquemes',-9.9076522,-63.0330690,5,NULL),(798,'Coronel Fabriciano',-19.5200067,-42.6282686,5,NULL),(799,'Maranguape',-3.8922967,-38.6835427,5,NULL),(800,'Muriaé',-21.1305560,-42.3663890,5,NULL),(801,'Patos',-7.0258285,-37.2766817,5,NULL),(802,'Bacabal',-4.2318132,-44.7811670,5,NULL),(803,'Novo Gama',-16.0496528,-48.0304615,5,NULL),(804,'Ubá',-21.1200000,-42.9427770,5,NULL),(805,'Itaperuna',-21.2048000,-41.8880100,5,NULL),(806,'Ourinhos',-22.9777918,-49.8682040,5,NULL),(807,'Caldas Novas',-17.7450000,-48.6250000,5,NULL),(808,'Ituiutaba',-18.9691887,-49.4639335,5,NULL),(809,'Ipojuca',-8.3980773,-35.0611068,5,NULL),(810,'Balsas',-7.5321400,-46.0371630,5,NULL),(811,'Lagarto',-10.9141791,-37.6715308,5,NULL),(812,'Assis',-22.6620892,-50.4206230,5,NULL),(813,'Santa Cruz do Capibaribe',-7.9480190,-36.2060920,5,NULL),(814,'Abreu e Lima',-7.9007190,-34.8983890,5,NULL),(815,'Campo Mourão',-24.0463290,-52.3780200,5,NULL),(816,'Aracruz',-19.8245218,-40.2735025,5,NULL),(817,'Itaúna',-20.0755560,-44.5763890,5,NULL),(818,'Pará de Minas',-19.8599637,-44.6075313,5,NULL),(819,'Iguatu',-6.3619340,-39.2972233,5,NULL),(820,'Francisco Beltrão',-26.0790979,-53.0533527,5,NULL),(821,'Japeri',-22.6427642,-43.6533831,5,NULL),(822,'Parintins',-2.6344567,-56.7319324,5,NULL),(823,'Cidade Ocidental',-16.1000758,-47.9445014,5,NULL),(824,'Leme',-22.1859721,-47.3897640,5,NULL),(825,'São Cristóvão',-11.0136465,-37.2071134,5,NULL),(826,'Votuporanga',-20.4252908,-49.9720280,5,NULL),(827,'Caçapava',-23.0992040,-45.7076450,5,NULL),(828,'Mexico City',19.4326296,-99.1331785,6,NULL),(829,'Tijuana',32.5010188,-116.9646620,6,NULL),(830,'Ecatepec de Morelos',19.5994083,-99.0487281,6,NULL),(831,'León',21.1218598,-101.6825081,6,NULL),(832,'Puebla',19.0437196,-98.1981486,6,NULL),(833,'Ciudad Juárez',31.7097961,-106.4555810,6,NULL),(834,'Guadalajara',20.6720375,-103.3383960,6,NULL),(835,'Monterrey',25.6802019,-100.3152580,6,NULL),(836,'Nezahualcóyotl',19.4079028,-99.0181547,6,NULL),(837,'Zapopan',20.7211203,-103.3913671,6,NULL),(838,'Chihuahua',28.6523808,-106.0902046,6,NULL),(839,'Mérida',20.9670759,-89.6237402,6,NULL),(840,'Naucalpan de Juárez',19.4788356,-99.2327986,6,NULL),(841,'Cancun',21.1617854,-86.8510468,6,NULL),(842,'Saltillo',25.4230425,-100.9927509,6,NULL),(843,'Aguascalientes',21.8804870,-102.2967195,6,NULL),(844,'Hermosillo',29.0948207,-110.9692202,6,NULL),(845,'Mexicali',32.6248622,-115.4483250,6,NULL),(846,'San Luis Potosí',22.1516472,-100.9763993,6,NULL),(847,'Culiacán',24.7978965,-107.3933950,6,NULL),(848,'Querétaro',20.5954708,-100.3970590,6,NULL),(849,'Morelia',19.7027116,-101.1923818,6,NULL),(850,'Chimalhuacán',19.4339293,-98.9580149,6,NULL),(851,'Reynosa',26.0704018,-98.2963932,6,NULL),(852,'Torreón',25.5426980,-103.4105120,6,NULL),(853,'Tlalnepantla',19.0084963,-98.9971161,6,NULL),(854,'Acapulco',16.8680495,-99.8940182,6,NULL),(855,'Tlaquepaque',20.6397718,-103.3120428,6,NULL),(856,'Guadalupe',25.6751114,-100.2151753,6,NULL),(857,'Durango',24.0220080,-104.6547410,6,NULL),(858,'Tuxtla Gutiérrez',16.7538010,-93.1159590,6,NULL),(859,'Cuautitlán Izcalli',19.6531356,-99.2145002,6,NULL),(860,'Veracruz',19.1798858,-96.1356480,6,NULL),(861,'Apodaca',25.7816542,-100.1887501,6,NULL),(862,'Ciudad López Mateos',19.5733975,-99.2439490,6,NULL),(863,'Matamoros',25.8520977,-97.5017951,6,NULL),(864,'General Escobedo',25.8085170,-100.3224334,6,NULL),(865,'Irapuato',20.6758761,-101.3521052,6,NULL),(866,'Xalapa',19.5408338,-96.9146374,6,NULL),(867,'Tonalá',20.6241367,-103.2421263,6,NULL),(868,'Mazatlán',23.2313053,-106.4153144,6,NULL),(869,'Nuevo Laredo',27.4761506,-99.5185992,6,NULL),(870,'San Nicolás',20.4762058,-99.9380577,6,NULL),(871,'Ojo de Agua',20.2690825,-97.5251407,6,NULL),(872,'Valle de Chalco Solidaridad',19.2821530,-98.9416122,6,NULL),(873,'Celaya',20.5217880,-100.8140458,6,NULL),(874,'Tepic',21.5043446,-104.8946760,6,NULL),(875,'Ixtapaluca',19.3129326,-98.8840481,6,NULL),(876,'Cuernavaca',18.9218274,-99.2342282,6,NULL),(877,'Villahermosa',18.0018152,-92.9330401,6,NULL),(878,'Ciudad Victoria',23.7389846,-99.1441352,6,NULL),(879,'Ensenada',31.8658887,-116.6029835,6,NULL),(880,'Ciudad Obregón',27.4846619,-109.9337782,6,NULL),(881,'Ciudad Nicolás Romero',19.6184235,-99.3035542,6,NULL),(882,'Soledad',26.7531025,-101.6124845,6,NULL),(883,'Benito Juárez',25.6467011,-100.0907766,6,NULL),(884,'Playa del Carmen',20.6308643,-87.0779503,6,NULL),(885,'Santa Catarina',25.6745052,-100.4616371,6,NULL),(886,'Gómez Palacio',25.5732473,-103.4947790,6,NULL),(887,'Uruapan',19.4147269,-102.0522647,6,NULL),(888,'Los Mochis',25.7928058,-108.9901880,6,NULL),(889,'Pachuca',20.1165413,-98.7413535,6,NULL),(890,'Tampico',22.2329889,-97.8614802,6,NULL),(891,'Tehuacán',18.4599877,-97.3903616,6,NULL),(892,'Coacalco de Berriozábal',19.6359452,-99.0948573,6,NULL),(893,'Nogales',18.8222858,-97.1647214,6,NULL),(894,'Oaxaca',17.0604663,-96.7253575,6,NULL),(895,'La Paz',24.1422841,-110.3126162,6,NULL),(896,'Campeche',19.8381215,-90.5198253,6,NULL),(897,'Monclova',26.8999988,-101.4171173,6,NULL),(898,'García',25.8121949,-100.5931005,6,NULL),(899,'Chilpancingo',17.5542149,-99.5048416,6,NULL),(900,'Puerto Vallarta',20.6407176,-105.2203060,6,NULL),(901,'Toluca',19.2925450,-99.6569007,6,NULL),(902,'Tapachula',14.9042905,-92.2609265,6,NULL),(903,'Buenavista',20.7005242,-97.2090957,6,NULL),(904,'Coatzacoalcos',18.1396787,-94.4501731,6,NULL),(905,'Ciudad Madero',22.2646707,-97.8397091,6,NULL),(906,'Cabo San Lucas',22.8938884,-109.9200604,6,NULL),(907,'Chicoloapan',19.4162929,-98.9014367,6,NULL),(908,'Ciudad del Carmen',18.6517390,-91.8149200,6,NULL),(909,'San Cristóbal',16.7353770,-92.6387300,6,NULL),(910,'Poza Rica',20.5320852,-97.4536355,6,NULL),(911,'San Juan del Río',20.3867547,-99.9931982,6,NULL),(912,'San Luis Río Colorado',32.4517957,-114.7652542,6,NULL),(913,'Chalco de Díaz Covarrubias',19.2612215,-98.8958362,6,NULL),(914,'Jiutepec',18.8817229,-99.1767029,6,NULL),(915,'Piedras Negras',28.7041725,-100.5148362,6,NULL),(916,'Chetumal',18.5145865,-88.3005528,6,NULL),(917,'Miramar',22.3331665,-97.8710378,6,NULL),(918,'Salamanca',20.5713580,-101.1924440,6,NULL),(919,'Ciudad Acuña',29.3248796,-100.9322287,6,NULL),(920,'Manzanillo',19.0506256,-104.3159957,6,NULL),(921,'San Pablo de las Salinas',19.6709100,-99.0857988,6,NULL),(922,'Cuautla',18.8290118,-98.9432244,6,NULL),(923,'Zamora',19.9828948,-102.2836300,6,NULL),(924,'Minatitlán',17.9944780,-94.5582148,6,NULL),(925,'Villa de Álvarez',19.2651417,-103.7360130,6,NULL),(926,'Colima',19.2451909,-103.7208280,6,NULL),(927,'Bogota',4.6534649,-74.0836453,7,NULL),(928,'Medellín',6.2443382,-75.5735530,7,NULL),(929,'Cali',3.4517923,-76.5324943,7,NULL),(930,'Perímetro Urbano Barranquilla',10.9810761,-74.7988827,7,NULL),(931,'Cartagena',10.4195841,-75.5271224,7,NULL),(932,'Perímetro Urbano Cúcuta',7.8971458,-72.5080387,7,NULL),(933,'Soledad',10.9149593,-74.7821054,7,NULL),(934,'Ibagué',4.4391700,-75.2113267,7,NULL),(935,'Soacha',4.5827314,-74.2117540,7,NULL),(936,'Bucaramanga',7.1172633,-73.1156668,7,NULL),(937,'Villavicencio',4.1315113,-73.6206667,7,NULL),(938,'Santa Marta',11.2320988,-74.1950883,7,NULL),(939,'Perímetro Urbano Valledupar',10.4651733,-73.2529512,7,NULL),(940,'Bello',6.3349970,-75.5582665,7,NULL),(941,'Perimetro Urbano Pereira',4.8142838,-75.6946671,7,NULL),(942,'Montería',8.7509361,-75.8786806,7,NULL),(943,'Pasto',1.2140275,-77.2785096,7,NULL),(944,'Buenaventura',3.8881929,-77.0738324,7,NULL),(945,'Manizales',5.0668907,-75.5066661,7,NULL),(946,'Perímetro Urbano Neiva',2.9263127,-75.2891733,7,NULL),(947,'Palmira',3.5308373,-76.2988048,7,NULL),(948,'Armenia',4.5363070,-75.6723751,7,NULL),(949,'Riohacha',11.5352153,-72.9119566,7,NULL),(950,'Sincelejo',9.2973386,-75.3926601,7,NULL),(951,'Buenos Aires',-34.6075682,-58.4370894,8,NULL),(952,'Cordoba',-31.4173391,-64.1833190,8,NULL),(953,'Rosario',-32.9595004,-60.6615415,8,NULL),(954,'La Plata',-34.9206797,-57.9537638,8,NULL),(955,'Mar del Plata',-37.9977225,-57.5482703,8,NULL),(956,'Merlo',-34.6604988,-58.7321695,8,NULL),(957,'Quilmes',-34.7303025,-58.2688680,8,NULL),(958,'Banfield',-34.7437455,-58.3960811,8,NULL),(959,'José C. Paz',-34.5119060,-58.7776777,8,NULL),(960,'Gregorio de Laferrere',-34.7504785,-58.5846362,8,NULL),(961,'Berazategui',-34.7632677,-58.2116604,8,NULL),(962,'González Catán',-34.7692490,-58.6480318,8,NULL),(963,'San Miguel',-34.5403490,-58.7157491,8,NULL),(964,'Moreno',-34.6396556,-58.7898326,8,NULL),(965,'Concordia',-31.3972539,-58.0173305,8,NULL),(966,'La Rioja',-29.4127411,-66.8558795,8,NULL),(967,'San Fernando',-34.4471919,-58.5701505,8,NULL),(968,'Río Cuarto',-33.1237585,-64.3489782,8,NULL),(969,'San Fernando del Valle de Catamarca',-28.4688806,-65.7790642,8,NULL),(970,'Isidro Casanova',-34.7047876,-58.5861609,8,NULL),(971,'Comodoro Rivadavia',-45.8632024,-67.4752615,8,NULL),(972,'San Nicolás de los Arroyos',-33.3277089,-60.2165909,8,NULL),(973,'Florencio Varela',-34.8044384,-58.2783224,8,NULL),(974,'Avellaneda',-34.6648394,-58.3628061,8,NULL),(975,'San Juan',-31.5370909,-68.5251802,8,NULL),(976,'Lomas de Zamora',-34.7572582,-58.4026638,8,NULL),(977,'Temperley',-34.7758816,-58.3971199,8,NULL),(978,'Mendoza',-32.8894155,-68.8446177,8,NULL),(979,'Monte Grande',-34.8192731,-58.4664257,8,NULL),(980,'Bernal',-34.7165710,-58.2977925,8,NULL),(981,'Villa Krause',-31.5818952,-68.5422067,8,NULL),(982,'San Justo',-34.6774186,-58.5607837,8,NULL),(983,'Distrito Ciudad de San Rafael',-34.6126025,-68.3305140,8,NULL),(984,'Ituzaingó',-34.6583293,-58.6671441,8,NULL),(985,'Castelar',-34.6555638,-58.6425128,8,NULL),(986,'Rafael Castillo',-34.6996518,-58.6308765,8,NULL),(987,'Santa Rosa',-36.6203503,-64.2905765,8,NULL),(988,'Tandil',-37.3282887,-59.1356957,8,NULL),(989,'Libertad',-34.7003704,-58.6834869,8,NULL),(990,'Ramos Mejía',-34.6481661,-58.5622869,8,NULL),(991,'Villa Mercedes',-33.6745795,-65.4617562,8,NULL),(992,'La Banda',-27.7357077,-64.2434402,8,NULL),(993,'Berisso',-34.8688565,-57.8828667,8,NULL),(994,'Trujui',-34.5834551,-58.7374893,8,NULL),(995,'Morón',-34.6510527,-58.6217416,8,NULL),(996,'Virrey Del Pino',-34.8588622,-58.6643444,8,NULL),(997,'Caseros',-34.6073660,-58.5661311,8,NULL),(998,'San Carlos de Bariloche',-41.1334421,-71.3098425,8,NULL),(999,'Distrito Ciudad de Maipú',-32.9836929,-68.7879502,8,NULL),(1000,'Parque San Martín',-34.6940266,-58.7426599,8,NULL),(1001,'Arica',-18.4785288,-70.3211394,9,NULL),(1002,'Iquique',-20.2140657,-70.1524646,9,NULL),(1003,'Alto Hospicio',-20.2700478,-70.1009162,9,NULL),(1004,'Pozo Almonte',-20.2597061,-69.7861372,9,NULL),(1005,'Antofagasta',-23.6463741,-70.3980033,9,NULL),(1006,'Calama',-22.4623917,-68.9272181,9,NULL),(1007,'Tocopilla',-22.0887189,-70.1960657,9,NULL),(1008,'Chuquicamata',-22.3171446,-68.9303083,9,NULL),(1009,'Taltal',-25.4078293,-70.4858424,9,NULL),(1010,'Mejillones',-23.1002342,-70.4483076,9,NULL),(1011,'María Elena',-22.3451485,-69.6618035,9,NULL),(1012,'Copiapó',-27.3664685,-70.3322753,9,NULL),(1013,'Vallenar',-28.5750438,-70.7616398,9,NULL),(1014,'Caldera',-27.0675545,-70.8222047,9,NULL),(1015,'Chañaral',-26.3479340,-70.6223617,9,NULL),(1016,'El Salvador',-26.2462114,-69.6259658,9,NULL),(1017,'Tierra Amarilla',-27.4680505,-70.2649307,9,NULL),(1018,'Diego de Almagro',-26.3910794,-70.0459281,9,NULL),(1019,'Huasco',-28.4651248,-71.2207947,9,NULL),(1020,'Coquimbo',-29.9531928,-71.3379884,9,NULL),(1021,'Airdrie',51.2859700,-114.0106200,10,NULL),(1022,'Beaumont',53.3525496,-113.4151434,10,NULL),(1023,'Brooks',50.5710270,-111.8930050,10,NULL),(1024,'Calgary',51.0460954,-114.0654650,10,NULL),(1025,'Camrose',53.0131310,-112.8405760,10,NULL),(1026,'Abbotsford',49.0521162,-122.3294790,10,NULL),(1027,'Armstrong',50.3021310,-89.0373698,10,NULL),(1028,'Burnaby',49.2433804,-122.9725450,10,NULL),(1029,'Castlegar',49.3161710,-117.6635740,10,NULL),(1030,'Campbell River',50.0230710,-125.2441530,10,NULL),(1031,'Brandon',49.8511143,-99.9608924,10,NULL),(1032,'Dauphin',51.1535090,-100.0442500,10,NULL),(1033,'Portage la Prairie',49.9724220,-98.2891850,10,NULL),(1034,'Selkirk',50.1469860,-96.8801880,10,NULL),(1035,'Steinbach',49.5305570,-96.6934200,10,NULL),(1036,'Chestermere',51.0449653,-113.8214140,10,NULL),(1037,'City of Cold Lake',54.4604600,-110.1928710,10,NULL),(1038,'Edmonton',53.5462055,-113.4912410,10,NULL),(1039,'Fort Saskatchewan',53.7128571,-113.2148942,10,NULL),(1040,'Grande Prairie',55.1710800,-118.7949873,10,NULL),(1041,'Isla Ratón',5.1264799,-67.8114044,11,NULL),(1042,'La Esmeralda',8.1874698,-70.8445859,11,NULL),(1043,'Maroa',2.7178494,-67.5584932,11,NULL),(1044,'Puerto Ayacucho',5.6551670,-67.6000791,11,NULL),(1045,'San Carlos de Río Negro',1.9232201,-67.0606645,11,NULL),(1046,'San Fernando de Atabapo',4.0421099,-67.6946275,11,NULL),(1047,'San Juan de Manapiare',5.3220668,-66.0525036,11,NULL),(1048,'Anaco',9.4321910,-64.4668340,11,NULL),(1049,'Aragua de Barcelona',9.4583799,-64.8261537,11,NULL),(1050,'Barcelona',10.1325951,-64.6819583,11,NULL),(1051,'Caigua',9.9508005,-64.8487034,11,NULL),(1052,'Cantaura',9.3000070,-64.3521226,11,NULL),(1053,'Clarines',9.9426324,-65.1646080,11,NULL),(1054,'El Chaparro',10.2234591,-64.5340365,11,NULL),(1055,'El Tigre',8.8856183,-64.2486608,11,NULL),(1056,'Guanta',10.2337720,-64.5931668,11,NULL),(1057,'Lechería',10.1910492,-64.6845451,11,NULL),(1058,'Mapire',7.7425806,-64.7105442,11,NULL),(1059,'Onoto',9.9609571,-66.4160067,11,NULL),(1060,'Guayaquil',-2.1704143,-79.9050241,12,NULL),(1061,'Quito',-0.2201641,-78.5123274,12,NULL),(1062,'Cuenca',-2.8974072,-79.0041726,12,NULL),(1063,'Santo Domingo',-0.2475028,-79.1713171,12,NULL),(1064,'Duran',-2.2165876,-79.7634290,12,NULL),(1065,'Machala',-3.2588565,-79.9588518,12,NULL),(1066,'Manta',-0.9517612,-80.7138590,12,NULL),(1067,'Calderón',-0.1033674,-78.4237586,12,NULL),(1068,'Portoviejo',-1.0528066,-80.4534269,12,NULL),(1069,'Loja',-3.9968450,-79.2016661,12,NULL),(1070,'Quevedo',-1.0243508,-79.4663323,12,NULL),(1071,'Ambato',-1.2422413,-78.6287594,12,NULL),(1072,'Riobamba',-1.6732765,-78.6482479,12,NULL),(1073,'Milagro',-3.6270544,-79.6617151,12,NULL),(1074,'Ibarra',0.3477433,-78.1169906,12,NULL),(1075,'Esmeraldas',0.9668153,-79.6523847,12,NULL),(1076,'Conocoto',-0.2871614,-78.4909777,12,NULL),(1077,'La Aurora',-2.0545861,-79.8811603,12,NULL),(1078,'La Libertad',-3.8486654,-80.1055100,12,NULL),(1079,'Babahoyo',-1.8009022,-79.5338214,12,NULL),(1080,'Sangolquí',-0.3288822,-78.4483476,12,NULL),(1081,'Latacunga',-0.9340311,-78.6145758,12,NULL),(1082,'Montecristi',-1.0504072,-80.6606834,12,NULL),(1083,'Tumbaco',-0.2122548,-78.4044951,12,NULL),(1084,'Pasaje',-0.6508616,-79.6413034,12,NULL),(1085,'Santa Rosa',-1.2816591,-78.6632375,12,NULL),(1086,'Tulcán',0.8114572,-77.7172256,12,NULL),(1087,'Huaquillas',-3.4747159,-80.2255462,12,NULL),(1088,'Nueva Loja',0.0850662,-76.8835640,12,NULL),(1089,'La Puntilla',-2.4527946,-79.3753184,12,NULL),(1090,'Chone',-0.6990907,-80.0944512,12,NULL),(1091,'Santa Elena',-2.2270098,-80.8576945,12,NULL),(1092,'El Carmen',-0.1509644,-78.4812958,12,NULL),(1093,'Puerto Francisco de Orellana',-0.4721804,-76.9837216,12,NULL),(1094,'Playas',-2.6356397,-80.3913928,12,NULL),(1095,'Santa Cruz de la Sierra',-17.7834936,-63.1820853,13,NULL),(1096,'El Alto',-16.5048228,-68.1624337,13,NULL),(1097,'La Paz',-16.4955455,-68.1336229,13,NULL),(1098,'Cochabamba',-17.4012458,-66.1675681,13,NULL),(1099,'Oruro',-17.9698363,-67.1148341,13,NULL),(1100,'Sucre',-19.0477251,-65.2594306,13,NULL),(1101,'Tarija',-21.5338794,-64.7343559,13,NULL),(1102,'Potosí',-19.5890895,-65.7537867,13,NULL),(1103,'Sacaba',-17.3204520,-66.0459591,13,NULL),(1104,'Quillacollo',-17.3976617,-66.2814763,13,NULL),(1105,'Montero',-17.3420202,-63.2557687,13,NULL),(1106,'Panama',8.9714493,-79.5341802,14,NULL),(1107,'Colón',9.3553005,-79.8974085,14,NULL),(1108,'David',8.4371469,-82.4286281,14,NULL),(1109,'La Chorrera',8.8835312,-79.7799505,14,NULL),(1110,'Santiago',8.0989867,-80.9803978,14,NULL),(1111,'Changuinola',9.4554752,-82.5223247,14,NULL),(1112,'Penonomé',8.5204989,-80.3595790,14,NULL),(1113,'Bugába',8.4867469,-82.6200045,14,NULL),(1114,'Puerto Armuelles',8.2725603,-82.8604458,14,NULL),(1115,'Antón',8.3944820,-80.2663470,14,NULL),(1116,'Chepo',9.1741164,-79.0900045,14,NULL),(1117,'Chitré',7.9633096,-80.4283492,14,NULL),(1118,'Aguadulce',8.2420503,-80.5390601,14,NULL),(1119,'Capira',8.7576302,-79.8773151,14,NULL),(1120,'Chame',8.5776215,-79.8803852,14,NULL),(1121,'Soná',8.0090033,-81.3149695,14,NULL),(1122,'Almirante',9.2939457,-82.3959649,14,NULL),(1123,'La Pintada',8.5959659,-80.4464658,14,NULL),(1124,'Las Tablas',7.7677917,-80.2764151,14,NULL),(1125,'La Villa de Los Santos',7.9378268,-80.4150053,14,NULL),(1126,'Madrid',40.4167047,-3.7035825,15,NULL),(1127,'Barcelona',41.3828939,2.1774322,15,NULL),(1128,'Valencia',39.4697065,-0.3763353,15,NULL),(1129,'Seville',37.3886303,-5.9953403,15,NULL),(1130,'Santa Cruz de Tenerife',28.4696480,-16.2540884,15,NULL),(1131,'Cádiz',36.5297438,-6.2928976,15,NULL),(1132,'Alicante',38.3436365,-0.4881708,15,NULL),(1133,'Las Palmas de Gran Canaria',28.1288694,-15.4349015,15,NULL),(1134,'Zaragoza',41.6521342,-0.8809428,15,NULL),(1135,'Murcia',37.9923795,-1.1305431,15,NULL),(1136,'Bilbao',43.2630018,-2.9350039,15,NULL),(1137,'Granada',37.1734995,-3.5995337,15,NULL),(1138,'Palma',39.5695818,2.6500745,15,NULL),(1139,'Vigo',42.2376602,-8.7247205,15,NULL),(1140,'Cartagena',37.6019353,-0.9841152,15,NULL),(1141,'Berlin',52.5170365,13.3888599,16,NULL),(1142,'Hamburg',53.5503410,10.0006540,16,NULL),(1143,'Munich',48.1371079,11.5753822,16,NULL),(1144,'Cologne',50.9383610,6.9599740,16,NULL),(1145,'Frankfurt',50.1106444,8.6820917,16,NULL),(1146,'Stuttgart',48.7784485,9.1800132,16,NULL),(1147,'Dusseldorf',51.2254018,6.7763137,16,NULL),(1148,'Leipzig',51.3406321,12.3747329,16,NULL),(1149,'Dortmund',51.5142273,7.4652789,16,NULL),(1150,'Essen',51.4582235,7.0158171,16,NULL),(1151,'Paris',48.8588897,2.3200410,17,NULL),(1152,'Marseille',43.2961743,5.3699525,17,NULL),(1153,'Toulouse',43.6044622,1.4442469,17,NULL),(1154,'Lyon',45.7578137,4.8320114,17,NULL),(1155,'Nice',43.7009358,7.2683912,17,NULL),(1156,'Nantes',47.2186371,-1.5541362,17,NULL),(1157,'Strasbourg',48.5846140,7.7507127,17,NULL),(1158,'Montpellier',43.6112422,3.8767337,17,NULL),(1159,'Bordeaux',44.8412250,-0.5800364,17,NULL),(1160,'Lille',50.6365654,3.0635282,17,NULL),(1161,'Rennes',48.1113387,-1.6800198,17,NULL),(1162,'Reims',49.2577886,4.0319260,17,NULL),(1163,'Le Havre',49.4938975,0.1079732,17,NULL),(1164,'Saint-Étienne',45.4401467,4.3873058,17,NULL),(1165,'Toulon',43.1257311,5.9304919,17,NULL),(1166,'Grenoble',45.1875602,5.7357819,17,NULL),(1167,'Dijon',47.3215806,5.0414701,17,NULL),(1168,'Nimes',43.8374249,4.3600687,17,NULL),(1169,'Angers',47.4739884,-0.5515588,17,NULL),(1170,'Villeurbanne',45.7733573,4.8868454,17,NULL),(1171,'London',51.5073219,-0.1276474,18,NULL),(1172,'Westminster',51.5004439,-0.1265398,18,NULL),(1173,'Birmingham',52.4796992,-1.9026911,18,NULL),(1174,'Leeds',53.7974185,-1.5437941,18,NULL),(1175,'Glasgow',55.8609825,-4.2488787,18,NULL),(1176,'Manchester',53.4794892,-2.2451148,18,NULL),(1177,'Sheffield',53.3806626,-1.4702278,18,NULL),(1178,'Bradford',53.7944229,-1.7519186,18,NULL),(1179,'City of Edinburgh',55.9533456,-3.1883749,18,NULL),(1180,'Liverpool',53.4071991,-2.9916800,18,NULL),(1181,'Rome',41.8933203,12.4829321,19,NULL),(1182,'Milan',45.4641943,9.1896346,19,NULL),(1183,'Naples',40.8358846,14.2487679,19,NULL),(1184,'Turin',45.0677551,7.6824892,19,NULL),(1185,'Palermo',38.1112268,13.3524434,19,NULL),(1186,'Genoa',44.4072600,8.9338624,19,NULL),(1187,'Bologna',44.4938203,11.3426327,19,NULL),(1188,'Florence',43.7698712,11.2555757,19,NULL),(1189,'Lisbon',38.7077507,-9.1365919,20,NULL),(1190,'Porto',41.1494512,-8.6107884,20,NULL),(1191,'Vila Nova de Gaia',41.1300103,-8.6058415,20,NULL),(1192,'Amadora',38.7595162,-9.2236770,20,NULL),(1193,'Braga',41.5510583,-8.4280045,20,NULL),(1194,'Assen',52.9952273,6.5604980,21,NULL),(1195,'Almere',52.3657098,5.2210432,21,NULL),(1196,'Bolsward',53.0620178,5.5228964,21,NULL),(1197,'Apeldoorn',52.1795738,5.9300775,21,NULL),(1198,'Appingedam',53.3203563,6.8577654,21,NULL),(1199,'Nagoya',35.1851045,136.8998438,22,NULL),(1200,'Toyohashi',34.7691230,137.3914610,22,NULL),(1201,'Okazaki',34.9509740,137.2608420,22,NULL),(1202,'Ichinomiya',35.3048780,136.8069150,22,NULL),(1203,'Seto',35.2409840,137.1161870,22,NULL),(1204,'Handa',34.8938136,136.9369523,22,NULL),(1205,'Kasugai',35.2738040,137.0074590,22,NULL),(1206,'Toyokawa',34.8276440,137.3785860,22,NULL),(1207,'Tsushima Island',34.3952765,129.3154490,22,NULL),(1208,'Hekinan',34.8650500,136.9845230,22,NULL),(1209,'Kariya',34.9746780,137.0027910,22,NULL),(1210,'Toyota',35.1519500,137.3014780,22,NULL),(1211,'Anjo',34.9477640,137.0755630,22,NULL),(1212,'Nishio',34.8224980,137.0696260,22,NULL),(1213,'Gamagori',34.8339290,137.2251630,22,NULL),(1214,'Inuyama',35.3609734,136.9845491,22,NULL),(1215,'Tokoname',34.8958580,136.8383230,22,NULL),(1216,'Hong Kong Island',22.2793278,114.1628131,23,NULL),(1217,'Macau',22.1899448,113.5380454,23,NULL),(1218,'Beijing',39.9062170,116.3912757,23,NULL),(1219,'Chongqing',29.5647398,106.5478767,23,NULL),(1220,'Shanghai',31.2322758,121.4692071,23,NULL),(1221,'Tianjin',39.0856735,117.1951073,23,NULL),(1222,'Anqing',30.5276161,117.0515956,23,NULL),(1223,'Bengbu',32.9176422,117.3825673,23,NULL),(1224,'Bozhou',33.8490794,115.7730968,23,NULL),(1225,'Chaohu City',31.6261473,117.8854283,23,NULL),(1226,'Chizhou',30.6671088,117.4859885,23,NULL),(1227,'Chuzhou',32.3027377,118.3139455,23,NULL),(1228,'Fuyang City',32.8926763,115.8090001,23,NULL),(1229,'Guangde',30.8886740,119.3664978,23,NULL),(1230,'Hefei City',31.8228094,117.2218033,23,NULL);
/*!40000 ALTER TABLE `cities` ENABLE KEYS */;
UNLOCK TABLES;

--
-- Table structure for table `countries`
--

DROP TABLE IF EXISTS `countries`;
/*!40101 SET @saved_cs_client     = @@character_set_client */;
/*!50503 SET character_set_client = utf8mb4 */;
CREATE TABLE `countries` (
  `id` bigint NOT NULL AUTO_INCREMENT,
  `name` varchar(255) DEFAULT NULL,
  PRIMARY KEY (`id`)
) ENGINE=InnoDB AUTO_INCREMENT=24 DEFAULT CHARSET=utf8mb4 COLLATE=utf8mb4_0900_ai_ci;
/*!40101 SET character_set_client = @saved_cs_client */;

--
-- Dumping data for table `countries`
--

LOCK TABLES `countries` WRITE;
/*!40000 ALTER TABLE `countries` DISABLE KEYS */;
INSERT INTO `countries` VALUES (1,'Perú'),(2,'Estados Unidos'),(3,'Afganistán'),(4,'Albania'),(5,'Brasil'),(6,'México'),(7,'Colombia'),(8,'Argentina'),(9,'Chile'),(10,'Canadá'),(11,'Venezuela'),(12,'Ecuador'),(13,'Bolivia'),(14,'Panamá'),(15,'España'),(16,'Alemania'),(17,'Francia'),(18,'Reino Unido'),(19,'Italia'),(20,'Portugal'),(21,'Países Bajos'),(22,'Japón'),(23,'China');
/*!40000 ALTER TABLE `countries` ENABLE KEYS */;
UNLOCK TABLES;

--
-- Table structure for table `states`
--

DROP TABLE IF EXISTS `states`;
/*!40101 SET @saved_cs_client     = @@character_set_client */;
/*!50503 SET character_set_client = utf8mb4 */;
CREATE TABLE `states` (
  `id` bigint NOT NULL AUTO_INCREMENT,
  `name` varchar(255) NOT NULL,
  `country_id` bigint NOT NULL,
  PRIMARY KEY (`id`),
  KEY `country_id` (`country_id`),
  CONSTRAINT `states_ibfk_1` FOREIGN KEY (`country_id`) REFERENCES `countries` (`id`)
) ENGINE=InnoDB AUTO_INCREMENT=277 DEFAULT CHARSET=utf8mb4 COLLATE=utf8mb4_0900_ai_ci;
/*!40101 SET character_set_client = @saved_cs_client */;

--
-- Dumping data for table `states`
--

LOCK TABLES `states` WRITE;
/*!40000 ALTER TABLE `states` DISABLE KEYS */;
INSERT INTO `states` VALUES (24,'Alaska',2),(25,'Alabama',2),(26,'Arkansas',2),(27,'Arizona',2),(28,'California',2),(29,'Colorado',2),(30,'Illinois',2),(31,'Connecticut',2),(32,'District of Columbia',2),(33,'Florida',2),(34,'Georgia',2),(35,'Hawaii',2),(36,'Iowa',2),(37,'Idaho',2),(38,'Indiana',2),(39,'Kansas',2),(40,'Kentucky',2),(41,'Louisiana',2),(42,'Massachusetts',2),(43,'Maryland',2),(44,'Michigan',2),(45,'Mississippi',2),(46,'Minnesota',2),(47,'Missouri',2),(48,'Montana',2),(49,'North Carolina',2),(50,'North Dakota',2),(51,'Nebraska',2),(52,'New Hampshire',2),(53,'New Jersey',2),(54,'New Mexico',2),(55,'Nevada',2),(56,'New York',2),(57,'Ohio',2),(58,'Oklahoma',2),(59,'Oregon',2),(60,'Pennsylvania',2),(61,'Rhode Island',2),(62,'South Carolina',2),(63,'South Dakota',2),(64,'Tennessee',2),(65,'Texas',2),(66,'Utah',2),(67,'Virginia',2),(68,'Washington',2),(69,'Wisconsin',2);
/*!40000 ALTER TABLE `states` ENABLE KEYS */;
UNLOCK TABLES;
/*!40103 SET TIME_ZONE=@OLD_TIME_ZONE */;

/*!40101 SET SQL_MODE=@OLD_SQL_MODE */;
/*!40014 SET FOREIGN_KEY_CHECKS=@OLD_FOREIGN_KEY_CHECKS */;
/*!40014 SET UNIQUE_CHECKS=@OLD_UNIQUE_CHECKS */;
/*!40101 SET CHARACTER_SET_CLIENT=@OLD_CHARACTER_SET_CLIENT */;
/*!40101 SET CHARACTER_SET_RESULTS=@OLD_CHARACTER_SET_RESULTS */;
/*!40101 SET COLLATION_CONNECTION=@OLD_COLLATION_CONNECTION */;
/*!40111 SET SQL_NOTES=@OLD_SQL_NOTES */;

-- Dump completed on 2026-04-25 21:52:52
